{
  "model": "Qwen3.6-27B",
  "experiment": "weight_curvature",
  "k_list": [
    16,
    32
  ],
  "d_list": [
    8,
    16
  ],
  "max_rows": 4096,
  "n_anchors": 256,
  "seed": 20260523,
  "elapsed_s": 173.0,
  "results": [
    {
      "name": "L-1.embed.embed_tokens",
      "shape": [
        248320,
        5120
      ],
      "n_points": 4096,
      "sampled": true,
      "knn_time_s": 0.3,
      "extrinsic_bending": {
        "k=16,d=8": {
          "mean": 3.0025262200287,
          "median": 3.0068885520804614,
          "p90": 3.056381574614514,
          "p95": 3.077290011879179,
          "max": 4.878850048142506,
          "std": 0.07230663091120569,
          "n_pairs": 4096,
          "time_s": 3.22
        },
        "k=32,d=8": {
          "mean": 2.9854758375325314,
          "median": 2.9856133835360885,
          "p90": 3.027133327192164,
          "p95": 3.0460211216284243,
          "max": 5.309400426643902,
          "std": 0.05511392797356353,
          "n_pairs": 8192,
          "time_s": 7.22
        },
        "k=32,d=16": {
          "mean": 4.20047113134155,
          "median": 4.207666175373544,
          "p90": 4.268804967759812,
          "p95": 4.292270251997774,
          "max": 7.249088046201069,
          "std": 0.08509448447885001,
          "n_pairs": 8192,
          "time_s": 7.65
        }
      },
      "forman_ricci": {
        "k=16": {
          "mean": -25.470947265625,
          "median": -28.0,
          "p10": -28.0,
          "p25": -28.0,
          "p75": -25.0,
          "p90": -22.0,
          "std": 3.899949378822158,
          "frac_negative": 1.0,
          "n_edges": 4096,
          "time_s": 0.02
        },
        "k=32": {
          "mean": -54.7738037109375,
          "median": -57.0,
          "p10": -60.0,
          "p25": -60.0,
          "p75": -54.0,
          "p90": -48.0,
          "std": 6.343036619721413,
          "frac_negative": 1.0,
          "n_edges": 8192,
          "time_s": 0.03
        }
      },
      "erank": 4972.41,
      "twonn_row": 252.0,
      "erank_twonn_ratio_row": 19.73,
      "layer": -1,
      "layer_type": "embed",
      "weight_name": "embed_tokens"
    },
    {
      "name": "L00.mlp.down_proj",
      "shape": [
        5120,
        17408
      ],
      "n_points": 4096,
      "sampled": true,
      "knn_time_s": 0.02,
      "extrinsic_bending": {
        "k=16,d=8": {
          "mean": 2.9070243191610885,
          "median": 2.9080701688695045,
          "p90": 2.9267202047932956,
          "p95": 2.9399391560302215,
          "max": 4.1514994447281115,
          "std": 0.048204371606024234,
          "n_pairs": 4096,
          "time_s": 4.07
        },
        "k=32,d=8": {
          "mean": 2.8936611532988668,
          "median": 2.8976809722167545,
          "p90": 2.9155168554139608,
          "p95": 2.9230156739041675,
          "max": 4.155599346978494,
          "std": 0.03784231604263198,
          "n_pairs": 8192,
          "time_s": 10.71
        },
        "k=32,d=16": {
          "mean": 4.089946900602033,
          "median": 4.09551723073524,
          "p90": 4.121129526241208,
          "p95": 4.132239368085428,
          "max": 5.871381232459613,
          "std": 0.05037766100858797,
          "n_pairs": 8192,
          "time_s": 11.14
        }
      },
      "forman_ricci": {
        "k=16": {
          "mean": -27.17822265625,
          "median": -28.0,
          "p10": -28.0,
          "p25": -28.0,
          "p75": -28.0,
          "p90": -25.0,
          "std": 1.844669888435108,
          "frac_negative": 1.0,
          "n_edges": 4096,
          "time_s": 0.01
        },
        "k=32": {
          "mean": -58.0001220703125,
          "median": -60.0,
          "p10": -60.0,
          "p25": -60.0,
          "p75": -57.0,
          "p90": -54.0,
          "std": 3.0230841984695593,
          "frac_negative": 1.0,
          "n_edges": 8192,
          "time_s": 0.03
        }
      },
      "erank": 4780.48,
      "twonn_row": 114.16,
      "erank_twonn_ratio_row": 41.87,
      "layer": 0,
      "layer_type": "mlp",
      "weight_name": "down_proj"
    },
    {
      "name": "L00.mlp.gate_proj",
      "shape": [
        17408,
        5120
      ],
      "n_points": 4096,
      "sampled": true,
      "knn_time_s": 0.01,
      "extrinsic_bending": {
        "k=16,d=8": {
          "mean": 3.0187908596365944,
          "median": 3.01954804432465,
          "p90": 3.093101085956535,
          "p95": 3.1409849061800243,
          "max": 3.700272345380718,
          "std": 0.09102382578574103,
          "n_pairs": 4096,
          "time_s": 3.1
        },
        "k=32,d=8": {
          "mean": 2.996934926394952,
          "median": 2.9958431240797267,
          "p90": 3.0531118088198204,
          "p95": 3.0818401490088028,
          "max": 3.718022097771283,
          "std": 0.06413837423532384,
          "n_pairs": 8192,
          "time_s": 7.24
        },
        "k=32,d=16": {
          "mean": 4.219465348233426,
          "median": 4.223141600312092,
          "p90": 4.300321858019997,
          "p95": 4.339375461085533,
          "max": 5.217679877675367,
          "std": 0.09483907622117659,
          "n_pairs": 8192,
          "time_s": 7.66
        }
      },
      "forman_ricci": {
        "k=16": {
          "mean": -24.677734375,
          "median": -28.0,
          "p10": -28.0,
          "p25": -28.0,
          "p75": -25.0,
          "p90": -16.0,
          "std": 5.627096167046851,
          "frac_negative": 0.9931640625,
          "n_edges": 4096,
          "time_s": 0.01
        },
        "k=32": {
          "mean": -54.3775634765625,
          "median": -57.0,
          "p10": -60.0,
          "p25": -60.0,
          "p75": -54.0,
          "p90": -45.0,
          "std": 8.239689314583016,
          "frac_negative": 0.999755859375,
          "n_edges": 8192,
          "time_s": 0.03
        }
      },
      "erank": 4294.02,
      "twonn_row": 139.12,
      "erank_twonn_ratio_row": 30.86,
      "layer": 0,
      "layer_type": "mlp",
      "weight_name": "gate_proj"
    },
    {
      "name": "L00.mlp.up_proj",
      "shape": [
        17408,
        5120
      ],
      "n_points": 4096,
      "sampled": true,
      "knn_time_s": 0.01,
      "extrinsic_bending": {
        "k=16,d=8": {
          "mean": 3.0111741431060146,
          "median": 3.0073909482658134,
          "p90": 3.0577624374092385,
          "p95": 3.085521857960461,
          "max": 3.659748157791092,
          "std": 0.06278002369102315,
          "n_pairs": 4096,
          "time_s": 3.09
        },
        "k=32,d=8": {
          "mean": 2.9896379564738584,
          "median": 2.985997020494856,
          "p90": 3.0301319041425594,
          "p95": 3.052787115137368,
          "max": 3.6439401935053457,
          "std": 0.05030686994969016,
          "n_pairs": 8192,
          "time_s": 7.23
        },
        "k=32,d=16": {
          "mean": 4.214050938418508,
          "median": 4.211662663433375,
          "p90": 4.273174470902798,
          "p95": 4.304247592146656,
          "max": 5.122909122179113,
          "std": 0.07429083683767763,
          "n_pairs": 8192,
          "time_s": 7.64
        }
      },
      "forman_ricci": {
        "k=16": {
          "mean": -26.724853515625,
          "median": -28.0,
          "p10": -28.0,
          "p25": -28.0,
          "p75": -28.0,
          "p90": -25.0,
          "std": 3.146911847790001,
          "frac_negative": 0.998779296875,
          "n_edges": 4096,
          "time_s": 0.01
        },
        "k=32": {
          "mean": -57.4420166015625,
          "median": -60.0,
          "p10": -60.0,
          "p25": -60.0,
          "p75": -57.0,
          "p90": -54.0,
          "std": 4.80453452355227,
          "frac_negative": 0.9996337890625,
          "n_edges": 8192,
          "time_s": 0.02
        }
      },
      "erank": 4350.63,
      "twonn_row": 89.06,